RUTComprador,CodigoImpuesto,ImporteIVA
179567177703,504,2865.28
120434177741,504,47550.19499999999
171196946698,504,16129.344000000001
219567000003,504,44639.5015
179567177703,503,2865.28
171196946698,503,16129.344000000001
